zobacz wszystko#sukienki;Dwurzędowa sukienka żakietowa;399,99 PLN;https://lp2.hm.com/hmgoepprod?set=quality%5B79%5D%2Csource%5B%2F6c%2F8a%2F6c8ab8c14b8a2433d400f469907a749609ae228c.jpg%5D%2Corigin%5Bdam%5D%2Ccategory%5B%5D%2Ctype%5BLOOKBOOK%5D%2Cres%5Bm%5D%2Chmver%5B2%5D&call=url[file:/product/main];89;Podkreślająca figurę sukienka z dzianiny w prążki wykonana z mieszanki bawełny i kaszmiru z dodatkiem błyszczących nici. Długość do połowy łydki. Okrągły dekolt, lekko obniżone ramiona i długie rękawy. Lekko rozszerzany dół.
zobacz wszystko#sukienki;Prążkowana sukienka z brokatowej dzianiny;149,99 PLN;https://lp2.hm.com/hmgoepprod?set=quality%5B79%5D%2Csource%5B%2F7b%2F3d%2F7b3d7789907a6770583a4c103b641eb0b565115c.jpg%5D%2Corigin%5Bdam%5D%2Ccategory%5B%5D%2Ctype%5BLOOKBOOK%5D%2Cres%5Bm%5D%2Chmver%5B1%5D&call=url[file:/product/main];91;Podkreślająca figurę krótka sukienka o warkoczowym splocie wykonana z miękkiej dzianiny z domieszką wełny. Okrągły dekolt ze ściągaczem, długie rękawy, prosty brzeg u dołu. Rękawy i dół ze ściągaczem.
zobacz wszystko#sukienki;Sukienka w warkoczowy splot;139,99 PLN;https://lp2.hm.com/hmgoepprod?set=quality%5B79%5D%2Csource%5B%2F48%2F76%2F487678e199f5032af1886206eda3782c18ebe9a7.jpg%5D%2Corigin%5Bdam%5D%2Ccategory%5Bladies_dresses_mididresses%5D%2Ctype%5BDESCRIPTIVESTILLLIFE%5D%2Cres%5Bm%5D%2Chmver%5B2%5D&call=url[file:/product/main];76;Sukienka do połowy łydki wykonana z dzianiny z domieszką wełny. Golfowy kołnierz w prążki z wycięciem w kształcie V na karku, obniżone ramiona. Długie szerokie rękawy ze ściągaczem. Ściągacz u dołu i po bokach sukienki. Rozcięcia u dołu po bokach.
zobacz wszystko#sukienki;Dzianinowa sukienka;99,99 PLN;https://lp2.hm.com/hmgoepprod?set=quality%5B79%5D%2Csource%5B%2F2d%2Fc5%2F2dc57aa65424e93605573c958f5e896dbf829746.jpg%5D%2Corigin%5Bdam%5D%2Ccategory%5B%5D%2Ctype%5BLOOKBOOK%5D%2Cres%5Bm%5D%2Chmver%5B1%5D&call=url[file:/product/main];66;Podkreślająca figurę sukienka do połowy łydki wykonana z miękkiego prążkowanego dżerseju z mieszanki zawierającej bawełnę. Półgolfowy kołnierz, długie rękawy i prosty brzeg u dołu.
zobacz wszystko#sukienki;Sukienka w prążki z półgolfem;99,99 PLN;https://lp2.hm.com/hmgoepprod?set=quality%5B79%5D%2Csource%5B%2F7d%2F91%2F7d911eb99d07d9dbd50f3d491281435805ce9f00.jpg%5D%2Corigin%5Bdam%5D%2Ccategory%5B%5D%2Ctype%5BLOOKBOOK%5D%2Cres%5Bm%5D%2Chmver%5B1%5D&call=url[file:/product/main];41;Podkreślająca figurę krótka sukienka z siateczki. Wąskie ramiączka, prosty brzeg u dołu. Dżersejowa podszewka.
zobacz wszystko#sukienki;Cekinowa sukienka;99,99 PLN;https://lp2.hm.com/hmgoepprod?set=quality%5B79%5D%2Csource%5B%2F30%2F3f%2F303fd88d28c00b18fcc87b80278a8561d712839d.jpg%5D%2Corigin%5Bdam%5D%2Ccategory%5B%5D%2Ctype%5BLOOKBOOK%5D%2Cres%5Bm%5D%2Chmver%5B1%5D&call=url[file:/product/main];19;Krótka obszerna sukienka z lekkiej dzianiny dresowej z mieszanki zawierającej bawełnę. Duży dwuwarstwowy kaptur z kopertowym przodem. Kangurkowa kieszeń, obniżone ramiona, długie rękawy ze ściągaczem. Ściągacz u dołu sukienki. Bez podszewki.
zobacz wszystko#sukienki;Sukienka dresowa z kapturem;149,99 PLN;https://lp2.hm.com/hmgoepprod?set=quality%5B79%5D%2Csource%5B%2F9f%2F58%2F9f581157ac71726a9f662dbc78b51747677b8a71.jpg%5D%2Corigin%5Bdam%5D%2Ccategory%5B%5D%2Ctype%5BLOOKBOOK%5D%2Cres%5Bm%5D%2Chmver%5B1%5D&call=url[file:/product/main];100;Krótka sukienka z siateczki pokrytej cekinami. Okrągły dekolt, z tyłu kryty suwak i haftka. Długie rękawy i prosty brzeg u dołu. Dżersejowa podszewka.
zobacz wszystko#sukienki;Cekinowa sukienka;149,99 PLN;https://lp2.hm.com/hmgoepprod?set=quality%5B79%5D%2Csource%5B%2F8c%2F13%2F8c1335abdcad7a7b8aa48a00c020345bf0053b2c.jpg%5D%2Corigin%5Bdam%5D%2Ccategory%5B%5D%2Ctype%5BLOOKBOOK%5D%2Cres%5Bm%5D%2Chmver%5B1%5D&call=url[file:/product/main];54;Krótka sukienka z siateczki pokrytej cekinami. Okrągły dekolt, z tyłu kryty suwak i haftka. Długie rękawy i prosty brzeg u dołu. Dżersejowa podszewka.
zobacz wszystko#sukienki;Cekinowa sukienka;79,99 PLN;https://lp2.hm.com/hmgoepprod?set=quality%5B79%5D%2Csource%5B%2Fc5%2F27%2Fc5270196e154de5fde44222ce0f206aa9fcce124.jpg%5D%2Corigin%5Bdam%5D%2Ccategory%5B%5D%2Ctype%5BDESCRIPTIVESTILLLIFE%5D%2Cres%5Bm%5D%2Chmver%5B2%5D&call=url[file:/product/main];31;Satynowa tunika do kolan. Swobodny fason, głęboki dekolt w serek, długie szerokie rękawy z zapinanym mankietem i zaokrąglony dół. Bez podszewki.
zobacz wszystko#sukienki;Satynowa tunika;199,99 PLN;https://lp2.hm.com/hmgoepprod?set=quality%5B79%5D%2Csource%5B%2F6c%2Fd3%2F6cd38981001dda66f2155a8572332694620fc993.jpg%5D%2Corigin%5Bdam%5D%2Ccategory%5B%5D%2Ctype%5BLOOKBOOK%5D%2Cres%5Bm%5D%2Chmver%5B1%5D&call=url[file:/product/main];16;Krótka sukienka z siateczki pokrytej błyszczącymi cekinami. Watowane ramiona, długie rękawy. Elastyczne odcięcie w talii, kopertowy przód z krytym guzikiem i haftką z boku. Z podszewką.
zobacz wszystko#sukienki;Kopertowa sukienka z cekinami;79,99 PLN;https://lp2.hm.com/hmgoepprod?set=quality%5B79%5D%2Csource%5B%2Fe9%2F20%2Fe92086bbf935a7f18f782a6359a330d0d67d4fca.jpg%5D%2Corigin%5Bdam%5D%2Ccategory%5B%5D%2Ctype%5BDESCRIPTIVESTILLLIFE%5D%2Cres%5Bm%5D%2Chmver%5B2%5D&call=url[file:/product/main];49;Satynowa tunika do kolan. Swobodny fason, głęboki dekolt w serek, długie szerokie rękawy z zapinanym mankietem i zaokrąglony dół. Bez podszewki.
zobacz wszystko#sukienki;Satynowa tunika;59,99 PLN;https://lp2.hm.com/hmgoepprod?set=quality%5B79%5D%2Csource%5B%2F2f%2Fc1%2F2fc1e4b7a7436a43a9b3ffb5d95229b79bb2fd9d.jpg%5D%2Corigin%5Bdam%5D%2Ccategory%5B%5D%2Ctype%5BLOOKBOOK%5D%2Cres%5Bm%5D%2Chmver%5B1%5D&call=url[file:/product/main];1;Sukienka mini z miękkiej satyny z połyskiem. Drapowany dekolt, wąskie ramiączka skrzyżowane z tyłu, głęboko wycięty tył z drapowaniem.
zobacz wszystko#sukienki;Krótka sukienka z satyny;119,99 PLN;https://lp2.hm.com/hmgoepprod?set=quality%5B79%5D%2Csource%5B%2Fb3%2F19%2Fb319501c792477f5f7d36db9ce6e22435de00541.jpg%5D%2Corigin%5Bdam%5D%2Ccategory%5B%5D%2Ctype%5BLOOKBOOK%5D%2Cres%5Bm%5D%2Chmver%5B1%5D&call=url[file:/product/main];47;Podkreślająca figurę krótka sukienka z tkaniny z długim rękawem. Okrągły dekolt. Na jednym boku w talii marszczony szew tworzący drapowanie. Z tyłu zapięcie na kryty suwak i haftkę.
zobacz wszystko#sukienki;Sukienka bodycon z cekinami;79,99 PLN;https://lp2.hm.com/hmgoepprod?set=quality%5B79%5D%2Csource%5B%2F67%2Ffb%2F67fb9127e06c6fd7b7c4497445e682ceb2a50a1c.jpg%5D%2Corigin%5Bdam%5D%2Ccategory%5B%5D%2Ctype%5BLOOKBOOK%5D%2Cres%5Bm%5D%2Chmver%5B1%5D&call=url[file:/product/main];79;Krótka sukienka z dopasowaną górą. Wąskie regulowane ramiączka, dekolt w serce i profilowane miseczki z podszewką. Z tyłu elastyczne marszczenie. Lekko rozszerzany dół. Bez podszewki.
zobacz wszystko#sukienki;Sukienka na ramiączkach;99,99 PLN;https://lp2.hm.com/hmgoepprod?set=quality%5B79%5D%2Csource%5B%2Fc3%2Faf%2Fc3af50cb9204414ebb2c7a4272709d87f26e211b.jpg%5D%2Corigin%5Bdam%5D%2Ccategory%5B%5D%2Ctype%5BLOOKBOOK%5D%2Cres%5Bm%5D%2Chmver%5B1%5D&call=url[file:/product/main];68;Krótka popelinowa sukienka z dekoltem w serek i otwartymi klapami. Z przodu dyskretny suwak i szwy modelujące. Długie rękawy zakończone szerokim mankietem z rozcięciem. Bez podszewki.
zobacz wszystko#sukienki;Krótka szmizjerka;99,99 PLN;https://lp2.hm.com/hmgoepprod?set=quality%5B79%5D%2Csource%5B%2Fd7%2Fa7%2Fd7a7789bff38d13d7799ad317d176bbba5e975e7.jpg%5D%2Corigin%5Bdam%5D%2Ccategory%5B%5D%2Ctype%5BLOOKBOOK%5D%2Cres%5Bm%5D%2Chmver%5B1%5D&call=url[file:/product/main];11;Szmizjerka z bawełnianej tkaniny. Kołnierzyk, zapięcie na kryte guziki, mocno obniżone ramiona i długie rękawy z zapinanym mankietem. W talii wyjmowany pasek do wiązania.
zobacz wszystko#sukienki;Szmizjerka z wiązanym paskiem;79,99 PLN;https://lp2.hm.com/hmgoepprod?set=quality%5B79%5D%2Csource%5B%2Fb2%2F5a%2Fb25a01cb7d50d41275a94c49874c8f7ce635b29d.jpg%5D%2Corigin%5Bdam%5D%2Ccategory%5B%5D%2Ctype%5BLOOKBOOK%5D%2Cres%5Bm%5D%2Chmver%5B1%5D&call=url[file:/product/main];26;Sukienka do połowy łydki wykonana z przewiewnej wiskozowej tkaniny we wzorzyste nadruki. Kołnierzyk, kryte zapięcie u góry. Długie reglanowe rękawy z zapinanym mankietem. U dołu marszczone odcięcie dodające objętości. Bez podszewki.
zobacz wszystko#sukienki;Wzorzysta szmizjerka;89,99 PLN;https://lp2.hm.com/hmgoepprod?set=quality%5B79%5D%2Csource%5B%2F3d%2F2a%2F3d2ab1a7b6f53a8dfb433d1a7553e63fddcc730d.jpg%5D%2Corigin%5Bdam%5D%2Ccategory%5B%5D%2Ctype%5BLOOKBOOK%5D%2Cres%5Bm%5D%2Chmver%5B1%5D&call=url[file:/product/main];61;Krótka sukienka z delikatnie lejącej satyny. Dekolt w serek, wiązany pasek w talii. Długie baloniaste rękawy z zapinanym mankietem. Bez podszewki.
zobacz wszystko#sukienki;Satynowa sukienka z baloniastym rękawem;99,99 PLN;https://lp2.hm.com/hmgoepprod?set=quality%5B79%5D%2Csource%5B%2F27%2F2a%2F272aeaca620f85f87dbe9f1bed901aece31799fc.jpg%5D%2Corigin%5Bdam%5D%2Ccategory%5B%5D%2Ctype%5BLOOKBOOK%5D%2Cres%5Bm%5D%2Chmver%5B1%5D&call=url[file:/product/main];60;Podkreślająca figurę sukienka do połowy łydki wykonana z lejącej satyny. Drapowany dekolt, bardzo wąskie ramiączka skrzyżowane z tyłu, na plecach głęboki drapowany dekolt. U dołu prosty brzeg z długim rozcięciem z boku. Bez podszewki.
zobacz wszystko#sukienki;Satynowa sukienka na ramiączkach;79,99 PLN;https://lp2.hm.com/hmgoepprod?set=quality%5B79%5D%2Csource%5B%2F00%2F94%2F00948f508824b16f175b84e06eaf30e178d3c903.jpg%5D%2Corigin%5Bdam%5D%2Ccategory%5B%5D%2Ctype%5BLOOKBOOK%5D%2Cres%5Bm%5D%2Chmver%5B1%5D&call=url[file:/product/main];4;Sukienka bodycon do połowy łydki wykonana z bawełnianego dżerseju w prążki. Okrągły dekolt, długie rękawy. Prosty dół z długim rozcięciem z tyłu.
zobacz wszystko#sukienki;Sukienka bodycon w prążki;129,99 PLN;https://lp2.hm.com/hmgoepprod?set=quality%5B79%5D%2Csource%5B%2Fbb%2F2e%2Fbb2ec2cdd5c91987107f2d3afa795fe87df2bffa.jpg%5D%2Corigin%5Bdam%5D%2Ccategory%5Bladies_divided_conscious%5D%2Ctype%5BLOOKBOOK%5D%2Cres%5Bm%5D%2Chmver%5B1%5D&call=url[file:/product/main];8;Podkreślająca figurę sukienka z dżerseju w prążki. Długość do połowy łydki. Puszysty kołnierzyk i dekolt w serek. Suwak wzdłuż przodu, długie rękawy, u dołu prosty brzeg z rozcięciem z przodu.
zobacz wszystko#sukienki;Prążkowana sukienka z suwakiem z przodu;139,99 PLN;https://lp2.hm.com/hmgoepprod?set=quality%5B79%5D%2Csource%5B%2Fd6%2Ff5%2Fd6f551603482757a151add7c6ed25c48746dc34c.jpg%5D%2Corigin%5Bdam%5D%2Ccategory%5B%5D%2Ctype%5BLOOKBOOK%5D%2Cres%5Bm%5D%2Chmver%5B1%5D&call=url[file:/product/main];85;Short, double-breasted blazer dress in twill with wide peak lapels, buttons at the front, long sleeves with buttoned cuffs and a straight-cut hem. Unlined.
zobacz wszystko#sukienki;Double-breasted blazer dress;99,99 PLN;https://lp2.hm.com/hmgoepprod?set=quality%5B79%5D%2Csource%5B%2F9d%2Fa4%2F9da478413839060533b6131a28c6b59b26759172.jpg%5D%2Corigin%5Bdam%5D%2Ccategory%5B%5D%2Ctype%5BLOOKBOOK%5D%2Cres%5Bm%5D%2Chmver%5B1%5D&call=url[file:/product/main];45;Krótka tkaninowa sukienka z kołnierzykiem. Kryte zapięcie na guziki, obniżone ramiona i długie rękawy zakończone szerokim mankietem z rozcięciem. Podkreślona talia z zakładkami.
zobacz wszystko#sukienki;Szmizjerka ze zwężaną talią;79,99 PLN;https://lp2.hm.com/hmgoepprod?set=quality%5B79%5D%2Csource%5B%2Fd4%2F05%2Fd405d9b43353f3c2f9094e3ff6db138cb840c82e.jpg%5D%2Corigin%5Bdam%5D%2Ccategory%5B%5D%2Ctype%5BLOOKBOOK%5D%2Cres%5Bm%5D%2Chmver%5B1%5D&call=url[file:/product/main];65;Podkreślająca figurę krótka sukienka z miękkiego weluru z okrągłym dekoltem. Bardzo długie rękawy z rozcięciem, prosty brzeg u dołu z rozcięciem na bokach.
zobacz wszystko#sukienki;Welurowa sukienka;99,99 PLN;https://lp2.hm.com/hmgoepprod?set=quality%5B79%5D%2Csource%5B%2Fe8%2F55%2Fe855aff6ce325c1f8454e1315ae68705fea8a997.jpg%5D%2Corigin%5Bdam%5D%2Ccategory%5B%5D%2Ctype%5BLOOKBOOK%5D%2Cres%5Bm%5D%2Chmver%5B1%5D&call=url[file:/product/main];89;Krótka trapezowa sukienka z lejącej satyny. Odkryte ramiona, długie baloniaste rękawy z elastycznym brzegiem u góry i u dołu rękawów. Bez podszewki.
zobacz wszystko#sukienki;Satynowa sukienka z odkrytymi ramionami;129,99 PLN;https://lp2.hm.com/hmgoepprod?set=quality%5B79%5D%2Csource%5B%2Fef%2Fc9%2Fefc9e13daeb56ae65b3cd8e16e497b167e35f523.jpg%5D%2Corigin%5Bdam%5D%2Ccategory%5B%5D%2Ctype%5BLOOKBOOK%5D%2Cres%5Bm%5D%2Chmver%5B1%5D&call=url[file:/product/main];70;Długa tkaninowa sukienka. Otwarte klapy, dekolt w serek. Długie szerokie rękawy z szerokim zapinanym mankietem. Bez podszewki.
zobacz wszystko#sukienki;Sukienka z kołnierzykiem;99,99 PLN;https://lp2.hm.com/hmgoepprod?set=quality%5B79%5D%2Csource%5B%2F9e%2F94%2F9e94946a01e33bb9945f3a4f04cadfc12f5dc96a.jpg%5D%2Corigin%5Bdam%5D%2Ccategory%5B%5D%2Ctype%5BLOOKBOOK%5D%2Cres%5Bm%5D%2Chmver%5B1%5D&call=url[file:/product/main];35;Krótka tkaninowa sukienka z kołnierzykiem. Kryte zapięcie na guziki, obniżone ramiona i długie rękawy zakończone szerokim mankietem z rozcięciem. Podkreślona talia z zakładkami.
zobacz wszystko#sukienki;Szmizjerka ze zwężaną talią;134,99 PLN;https://lp2.hm.com/hmgoepprod?set=quality%5B79%5D%2Csource%5B%2F10%2Fd5%2F10d5c08258801dc249ccf27bc30f2e6a152a8c7c.jpg%5D%2Corigin%5Bdam%5D%2Ccategory%5B%5D%2Ctype%5BLOOKBOOK%5D%2Cres%5Bm%5D%2Chmver%5B1%5D&call=url[file:/product/main];44;Prosta tkaninowa sukienka do połowy łydki. Okrągły dekolt i obszerne baloniaste rękawy o reglanowym kroju sięgające do łokci i zakończone elastycznym brzegiem. W talii wąski pasek do wiązania. Prosty brzeg u dołu i długie rozcięcie z tyłu. Rękawy z podszewką.
zobacz wszystko#sukienki;Sukienka z bufiastym rękawem;99,99 PLN;https://lp2.hm.com/hmgoepprod?set=quality%5B79%5D%2Csource%5B%2F5f%2F9b%2F5f9bdcc6972fd72fc4a492071a5b9a74db62b3c0.jpg%5D%2Corigin%5Bdam%5D%2Ccategory%5B%5D%2Ctype%5BLOOKBOOK%5D%2Cres%5Bm%5D%2Chmver%5B1%5D&call=url[file:/product/main];87;Podkreślająca figurę krótka sukienka z dżerseju pokryta cekinami. Asymetryczny dekolt, odkryte plecy i wąskie ramiączka wiązane z tyłu.
zobacz wszystko#sukienki;Sukienka z cekinami;79,99 PLN;https://lp2.hm.com/hmgoepprod?set=quality%5B79%5D%2Csource%5B%2F9f%2F69%2F9f69f4a2cdaa59fcc336ec9a44e052158ce0daf0.jpg%5D%2Corigin%5Bdam%5D%2Ccategory%5B%5D%2Ctype%5BLOOKBOOK%5D%2Cres%5Bm%5D%2Chmver%5B1%5D&call=url[file:/product/main];36;Krótka tkaninowa sukienka z mieszanki zawierającej wiskozę. Dekolt w serek z kołnierzykiem, z tyłu karczek z zakładką. Szwy na ramionach przesunięte do przodu, długie baloniaste rękawy z zapinanym mankietem, zaokrąglony dół. Nieco dłuższy tył.
zobacz wszystko#sukienki;Szmizjerka z baloniastym rękawem;129,99 PLN;https://lp2.hm.com/hmgoepprod?set=quality%5B79%5D%2Csource%5B%2F24%2Fbb%2F24bb7007368b01c1be726c1ffa63cd01f8e716a6.jpg%5D%2Corigin%5Bdam%5D%2Ccategory%5B%5D%2Ctype%5BLOOKBOOK%5D%2Cres%5Bm%5D%2Chmver%5B1%5D&call=url[file:/product/main];88;Krótka sukienka z miękkiej dzianiny. Luźny fason, okrągły dekolt i długie rękawy. Ściągacz wokół szyi, rękawów i u dołu.
zobacz wszystko#sukienki;H&M+ Dzianinowa sukienka;149,99 PLN;https://lp2.hm.com/hmgoepprod?set=quality%5B79%5D%2Csource%5B%2Fd0%2F7e%2Fd07e9384dbdba70a674507ac3a50420a0c5c44ce.jpg%5D%2Corigin%5Bdam%5D%2Ccategory%5B%5D%2Ctype%5BLOOKBOOK%5D%2Cres%5Bm%5D%2Chmver%5B1%5D&call=url[file:/product/main];85;Sukienka do połowy łydki z delikatnej bawełnianej tkaniny. Niska stójka, guziki z przodu, z tyłu marszczony karczek dodający objętości. Luźny fason. W talii wyjmowany pasek do wiązania, szerokie baloniaste rękawy z mankietem. Bez podszewki.
zobacz wszystko#sukienki;Szmizjerka z baloniastym rękawem;129,99 PLN;https://lp2.hm.com/hmgoepprod?set=quality%5B79%5D%2Csource%5B%2F0b%2F45%2F0b45fd1df1f72fbbc898c67ef11ce09c83972474.jpg%5D%2Corigin%5Bdam%5D%2Ccategory%5B%5D%2Ctype%5BLOOKBOOK%5D%2Cres%5Bm%5D%2Chmver%5B1%5D&call=url[file:/product/main];0;Krótka sukienka z satynowej krepy z lekkim połyskiem. Spiczasty kołnierzyk i dekolt w serek. Kopertowy przód z szerokim wiązaniem na jednym boku i krytym wiązaniem na drugim. Bardzo długie rękawy mają szeroki mankiet z rozcięciem i guzikiem. Elastyczny szew z tyłu talii. Bez podszewki.
zobacz wszystko#sukienki;Kopertowa szmizjerka z satynowej krepy;199,99 PLN;https://lp2.hm.com/hmgoepprod?set=quality%5B79%5D%2Csource%5B%2Fed%2F94%2Fed94d9a446acfce4a04728074b4a89794b8f976e.jpg%5D%2Corigin%5Bdam%5D%2Ccategory%5B%5D%2Ctype%5BLOOKBOOK%5D%2Cres%5Bm%5D%2Chmver%5B1%5D&call=url[file:/product/main];49;Sukienka do połowy łydki wykonana z siateczki pokrytej cekinami. Dekolt w serek, bardzo wąskie ramiączka. Kryty suwak z boku, z dołu długie cekinowe frędzle. Dżersejowa podszewka.
zobacz wszystko#sukienki;Cekinowa sukienka na ramiączkach;79,99 PLN;https://lp2.hm.com/hmgoepprod?set=quality%5B79%5D%2Csource%5B%2F12%2Ffb%2F12fbb6a3a66e8820be65e5f2cf2443ef5b39581d.jpg%5D%2Corigin%5Bdam%5D%2Ccategory%5B%5D%2Ctype%5BLOOKBOOK%5D%2Cres%5Bm%5D%2Chmver%5B1%5D&call=url[file:/product/main];4;Podkreślająca figurę krótka sukienka z krepowanej tkaniny. Okrągły dekolt, długie rękawy. Na jednym boku w talii marszczenie tworzące efekt drapowania. Z tyłu kryty suwak i haftka, prosty brzeg u dołu. Bez podszewki.
zobacz wszystko#sukienki;Krepowana sukienka z marszczeniem;149,99 PLN;https://lp2.hm.com/hmgoepprod?set=quality%5B79%5D%2Csource%5B%2Fe7%2F15%2Fe715ad598a051538b3171d1987fdebacf9af6479.jpg%5D%2Corigin%5Bdam%5D%2Ccategory%5B%5D%2Ctype%5BLOOKBOOK%5D%2Cres%5Bm%5D%2Chmver%5B1%5D&call=url[file:/product/main];24;Podkreślająca figurę krótka dwurzędowa sukienka żakietowa z tkaniny o lekkim połysku. Spiczaste klapy, z przodu atrapy kieszeni z wypustkami i klapką, długie rękawy i prosty brzeg u dołu. Z podszewką.;129,99 PLN;https://lp2.hm.com/hmgoepprod?set=quality%5B79%5D%2Csource%5B%2Fdc%2F06%2Fdc06c1bb31efb0ba426544848c2459d2d13cb632.jpg%5D%2Corigin%5Bdam%5D%2Ccategory%5B%5D%2Ctype%5BLOOKBOOK%5D%2Cres%5Bm%5D%2Chmver%5B1%5D&call=url[file:/product/main];44;Obszerna bluza z dzianiny dresowej z nadrukiem motywów. Wewnątrz miękki meszek. Kaptur z podszewką, mocno obniżone ramiona. Kangurkowa kieszeń, rękawy i dół ze ściągaczem.
zobacz wszystko#bluzy;Bluza oversize z kapturem i nadrukiem;89,99 PLN;https://lp2.hm.com/hmgoepprod?set=quality%5B79%5D%2Csource%5B%2F9e%2F9b%2F9e9bb4b6f9e23ec2c09d5fd55f263e5065eb59cc.jpg%5D%2Corigin%5Bdam%5D%2Ccategory%5B%5D%2Ctype%5BLOOKBOOK%5D%2Cres%5Bm%5D%2Chmver%5B1%5D&call=url[file:/product/main];68;Bluza z dzianiny dresowej z mieszanki zawierającej bawełnę z miękkim meszkiem wewnątrz. Obniżone ramiona, ściągacz wokół szyi, rękawów i u dołu.
zobacz wszystko#bluzy;Bluza oversize;99,99 PLN;https://lp2.hm.com/hmgoepprod?set=quality%5B79%5D%2Csource%5B%2F61%2Fdc%2F61dc1a16f7a6965a7f6e4c04727dc5745e723d35.jpg%5D%2Corigin%5Bdam%5D%2Ccategory%5B%5D%2Ctype%5BLOOKBOOK%5D%2Cres%5Bm%5D%2Chmver%5B1%5D&call=url[file:/product/main];89;Obszerna bluza z miękkiej dzianiny dresowej. Kaptur z podszewką i sznurkiem, zapięcie na suwak, obniżone ramiona, kangurkowe kieszenie. Rękawy i dół ze ściągaczem. Wewnątrz miękki meszek.
zobacz wszystko#bluzy;Rozpinana bluza z kapturem;79,99 PLN;https://lp2.hm.com/hmgoepprod?set=quality%5B79%5D%2Csource%5B%2F8f%2F01%2F8f015ad5e40e2c1a0b7e0f0e55329fc17e1105f1.jpg%5D%2Corigin%5Bdam%5D%2Ccategory%5B%5D%2Ctype%5BLOOKBOOK%5D%2Cres%5Bm%5D%2Chmver%5B1%5D&call=url[file:/product/main];48;Obszerna bluza z dzianiny dresowej z mieszanki zawierającej bawełnę. Wewnątrz miękki meszek. Kaptur z podszewką i ze sznurkiem, mocno obniżone ramiona. Swobodny fason. Kangurkowa kieszeń, rękawy i dół ze ściągaczem.
zobacz wszystko#bluzy;Bluza oversize z kapturem;79,99 PLN;https://lp2.hm.com/hmgoepprod?set=quality%5B79%5D%2Csource%5B%2F74%2F8c%2F748c56c8ee2701c9ab031f7cd7bb8a79c9084c53.jpg%5D%2Corigin%5Bdam%5D%2Ccategory%5B%5D%2Ctype%5BLOOKBOOK%5D%2Cres%5Bm%5D%2Chmver%5B1%5D&call=url[file:/product/main];99;Bluza z dzianiny dresowej zapinana na suwak. Kaptur z podszewką i sznurkiem, obniżone ramiona, kieszenie z przodu. Rękawy i dół ze ściągaczem. Wewnątrz miękki meszek.
zobacz wszystko#bluzy;Rozpinana bluza z kapturem;89,99 PLN;https://lp2.hm.com/hmgoepprod?set=quality%5B79%5D%2Csource%5B%2F61%2F89%2F61892af04109ada820de9d56b9f425c2d6f86aa0.jpg%5D%2Corigin%5Bdam%5D%2Ccategory%5B%5D%2Ctype%5BLOOKBOOK%5D%2Cres%5Bm%5D%2Chmver%5B1%5D&call=url[file:/product/main];83;Bluza z dzianiny dresowej z mieszanki zawierającej bawełnę z miękkim meszkiem wewnątrz. Obniżone ramiona, ściągacz wokół szyi, rękawów i u dołu.
zobacz wszystko#bluzy;Bluza oversize;79,99 PLN;https://lp2.hm.com/hmgoepprod?set=quality%5B79%5D%2Csource%5B%2F1a%2Ff1%2F1af13fdebba02017b48b8cb8d25e366f3090e726.jpg%5D%2Corigin%5Bdam%5D%2Ccategory%5B%5D%2Ctype%5BLOOKBOOK%5D%2Cres%5Bm%5D%2Chmver%5B1%5D&call=url[file:/product/main];19;Luźna bluza z miękkiej dzianiny dresowej z mieszanki zawierającej bawełnę. Okrągły dekolt, obniżone ramiona. Ściągacz wokół szyi, rękawów i u dołu bluzy. Wewnątrz miękki meszek.
zobacz wszystko#bluzy;Bluza;79,99 PLN;https://lp2.hm.com/hmgoepprod?set=quality%5B79%5D%2Csource%5B%2F2c%2Fdc%2F2cdc7789603f7b9efa03d81d4b0ab26fe7b0df63.jpg%5D%2Corigin%5Bdam%5D%2Ccategory%5B%5D%2Ctype%5BLOOKBOOK%5D%2Cres%5Bm%5D%2Chmver%5B1%5D&call=url[file:/product/main];30;Obszerna bluza z dzianiny dresowej. Okrągły dekolt ze ściągaczem. Obniżone ramiona, rękawy i dół ze ściągaczem. Wewnątrz miękki meszek.
zobacz wszystko#bluzy;H&M+ Bluza oversize;129,99 PLN;https://lp2.hm.com/hmgoepprod?set=quality%5B79%5D%2Csource%5B%2F00%2Fcb%2F00cbced41bf8dccbd6906bbe8862d101f2906245.jpg%5D%2Corigin%5Bdam%5D%2Ccategory%5B%5D%2Ctype%5BLOOKBOOK%5D%2Cres%5Bm%5D%2Chmver%5B1%5D&call=url[file:/product/main];91;Obszerna bluza z kapturem wykonana z miękkiego polaru. Suwak u góry, lekko obniżone ramiona. Zaokrąglony dół.
zobacz wszystko#bluzy;Polarowa bluza oversize z kapturem;89,99 PLN;https://lp2.hm.com/hmgoepprod?set=quality%5B79%5D%2Csource%5B%2F2f%2Fd2%2F2fd2b8259f0929c33eecd26db48820a22c06487c.jpg%5D%2Corigin%5Bdam%5D%2Ccategory%5B%5D%2Ctype%5BLOOKBOOK%5D%2Cres%5Bm%5D%2Chmver%5B1%5D&call=url[file:/product/main];11;Obszerna bluza z dzianiny dresowej z mieszanki zawierającej bawełnę. Wewnątrz miękki meszek. Okrągły dekolt ze ściągaczem, mocno obniżone ramiona. Rękawy i dół ze ściągaczem.
zobacz wszystko#bluzy;Bluza oversize;79,99 PLN;https://lp2.hm.com/hmgoepprod?set=quality%5B79%5D%2Csource%5B%2F2f%2Fcf%2F2fcf41cb73638d8e13234528ef3e71ef2a407fe2.jpg%5D%2Corigin%5Bdam%5D%2Ccategory%5B%5D%2Ctype%5BLOOKBOOK%5D%2Cres%5Bm%5D%2Chmver%5B1%5D&call=url[file:/product/main];14;Bluza z dzianiny dresowej z mieszanki zawierającej bawełnę. Z przodu nadrukowany motyw. Okrągły dekolt. Luźny fason. Obniżone ramiona, ściągacz wokół szyi, rękawów i u dołu. Wewnątrz miękki meszek.
zobacz wszystko#bluzy;Bluza z okrągłym dekoltem;89,99 PLN;https://lp2.hm.com/hmgoepprod?set=quality%5B79%5D%2Csource%5B%2F62%2F84%2F62848b2e3f43489299500f930b90c4d8af4a9c81.jpg%5D%2Corigin%5Bdam%5D%2Ccategory%5B%5D%2Ctype%5BLOOKBOOK%5D%2Cres%5Bm%5D%2Chmver%5B1%5D&call=url[file:/product/main];22;Obszerna bluza z dzianiny dresowej z nadrukiem motywu z przodu. Okrągły dekolt ze ściągaczem, obniżone ramiona. Rękawy i dół ze ściągaczem. Wewnątrz miękki meszek.
zobacz wszystko#bluzy;Buza oversize z motywem;149,99 PLN;https://lp2.hm.com/hmgoepprod?set=quality%5B79%5D%2Csource%5B%2F92%2Fd5%2F92d5cb26575534cdf96847be1f8666ea46d64d93.jpg%5D%2Corigin%5Bdam%5D%2Ccategory%5B%5D%2Ctype%5BLOOKBOOK%5D%2Cres%5Bm%5D%2Chmver%5B1%5D&call=url[file:/product/main];13;Bluza z miękkiego misia. Stójka, kaptur z podszewką, suwak u góry. Swobodny fason, obniżone ramiona, zaokrąglony dół i dłuższy tył.
zobacz wszystko#bluzy;Bluza z misia z kapturem i suwakiem u góry;89,99 PLN;https://lp2.hm.com/hmgoepprod?set=quality%5B79%5D%2Csource%5B%2F28%2F7f%2F287fd94a13207d9d4817dce4906b09b3f91936fe.jpg%5D%2Corigin%5Bdam%5D%2Ccategory%5B%5D%2Ctype%5BLOOKBOOK%5D%2Cres%5Bm%5D%2Chmver%5B1%5D&call=url[file:/product/main];37;Obszerna bluza z dzianiny dresowej z mieszanki zawierającej bawełnę. Wewnątrz miękki meszek. Okrągły dekolt ze ściągaczem, mocno obniżone ramiona. Rękawy i dół ze ściągaczem.
zobacz wszystko#bluzy;Bluza oversize;39,99 PLN;https://lp2.hm.com/hmgoepprod?set=quality%5B79%5D%2Csource%5B%2F17%2Fb3%2F17b31c1b97fc84bf60526c2751a7fc4974208f06.jpg%5D%2Corigin%5Bdam%5D%2Ccategory%5B%5D%2Ctype%5BLOOKBOOK%5D%2Cres%5Bm%5D%2Chmver%5B1%5D&call=url[file:/product/main];57;Bluza z dzianiny dresowej z mieszanki zawierającej bawełnę. Obniżone ramiona, ściągacz wokół szyi, rękawów i u dołu bluzy. Wewnątrz miękki meszek.
zobacz wszystko#bluzy;Bluza;39,99 PLN;https://lp2.hm.com/hmgoepprod?set=quality%5B79%5D%2Csource%5B%2Fd8%2F15%2Fd81524afb893d76906a8f031ccfe6d947bcf0400.jpg%5D%2Corigin%5Bdam%5D%2Ccategory%5B%5D%2Ctype%5BLOOKBOOK%5D%2Cres%5Bm%5D%2Chmver%5B1%5D&call=url[file:/product/main];92;Bluza z dzianiny dresowej z mieszanki zawierającej bawełnę. Nadruk motywu z przodu. Wewnątrz miękki meszek. Okrągły dekolt, mocno obniżone ramiona. Ściągacz wokół szyi, rękawów i u dołu.
zobacz wszystko#bluzy;Bluza z nadrukiem;79,99 PLN;https://lp2.hm.com/hmgoepprod?set=quality%5B79%5D%2Csource%5B%2F38%2F67%2F38676df247bfa52fe2dab7b51f68329de7206f63.jpg%5D%2Corigin%5Bdam%5D%2Ccategory%5B%5D%2Ctype%5BLOOKBOOK%5D%2Cres%5Bm%5D%2Chmver%5B1%5D&call=url[file:/product/main];80;Bluza z dzianiny dresowej z mieszanki zawierającej bawełnę. Kaptur z dżersejową podszewką i ze sznurkiem. Reglanowe rękawy ze ściągaczem. Kangurkowa kieszeń, rozcięcia po bokach. Wewnątrz miękki meszek.
zobacz wszystko#bluzy;Bluza z kapturem;79,99 PLN;https://lp2.hm.com/hmgoepprod?set=quality%5B79%5D%2Csource%5B%2Ff2%2F1e%2Ff21ea8aca4a866ad6648bb9bc2ce844f9a98b7fb.jpg%5D%2Corigin%5Bdam%5D%2Ccategory%5B%5D%2Ctype%5BLOOKBOOK%5D%2Cres%5Bm%5D%2Chmver%5B1%5D&call=url[file:/product/main];97;Szeroka bluza z dzianiny dresowej. Kaptur z podszewką i ze sznurkiem, kangurkowa kieszeń. Rękawy i dół ze ściągaczem.
zobacz wszystko#bluzy;Bluza z kapturem;129,99 PLN;https://lp2.hm.com/hmgoepprod?set=quality%5B79%5D%2Csource%5B%2Fad%2F57%2Fad57ce9ed7f2ab8bc94003c39b844d28e48a7744.jpg%5D%2Corigin%5Bdam%5D%2Ccategory%5B%5D%2Ctype%5BLOOKBOOK%5D%2Cres%5Bm%5D%2Chmver%5B1%5D&call=url[file:/product/main];9;Obszerna bluza z dzianiny dresowej z mieszanki zawierającej bawełnę. Nadruk motywu z przodu, mocno obniżone ramiona, ściągacz wokół szyi, rękawów i u dołu. Wewnątrz miękki meszek.
zobacz wszystko#bluzy;Bluza oversize z nadrukiem;129,99 PLN;https://lp2.hm.com/hmgoepprod?set=quality%5B79%5D%2Csource%5B%2Ffd%2Fc1%2Ffdc186a3cf778358dc34ab598980f674772c24a1.jpg%5D%2Corigin%5Bdam%5D%2Ccategory%5B%5D%2Ctype%5BLOOKBOOK%5D%2Cres%5Bm%5D%2Chmver%5B1%5D&call=url[file:/product/main];82;Obszerna bluza z dzianiny dresowej z mieszanki zawierającej bawełnę. Nadruk motywu z przodu, mocno obniżone ramiona, ściągacz wokół szyi, rękawów i u dołu. Wewnątrz miękki meszek.
zobacz wszystko#bluzy;Bluza oversize z nadrukiem;129,99 PLN;https://lp2.hm.com/hmgoepprod?set=quality%5B79%5D%2Csource%5B%2F58%2Fd3%2F58d3cd795e221b199cafc61c3b14c4af7e5906f5.jpg%5D%2Corigin%5Bdam%5D%2Ccategory%5B%5D%2Ctype%5BLOOKBOOK%5D%2Cres%5Bm%5D%2Chmver%5B1%5D&call=url[file:/product/main];6;Bluza z dzianiny dresowej z mieszanki zawierającej bawełnę. Z przodu nadruk motywu. Kaptur ze sznurkiem i dżersejową podszewką. Obniżone ramiona. Kangurkowa kieszeń, rękawy i dół ze ściągaczem. Wewnątrz miękki meszek.
zobacz wszystko#bluzy;Bluza z kapturem;129,99 PLN;https://lp2.hm.com/hmgoepprod?set=quality%5B79%5D%2Csource%5B%2Fb5%2Fee%2Fb5ee7525b89faf01d7a9f9f7736eb639423cb502.jpg%5D%2Corigin%5Bdam%5D%2Ccategory%5B%5D%2Ctype%5BLOOKBOOK%5D%2Cres%5Bm%5D%2Chmver%5B1%5D&call=url[file:/product/main];21;Bluza z dzianiny dresowej z mieszanki zawierającej bawełnę. Nadruk motywu z przodu. Wewnątrz miękki meszek. Luźny fason. Obniżone ramiona, ściągacz wokół szyi, rękawów i u dołu.
zobacz wszystko#bluzy;Bluza z nadrukiem;99,99 PLN;https://lp2.hm.com/hmgoepprod?set=quality%5B79%5D%2Csource%5B%2Fe3%2Fb3%2Fe3b349fb4d5a5af2b56e4dbf0875f0c13fbc7fa1.jpg%5D%2Corigin%5Bdam%5D%2Ccategory%5B%5D%2Ctype%5BLOOKBOOK%5D%2Cres%5Bm%5D%2Chmver%5B1%5D&call=url[file:/product/main];8;Bluza z lekkiej dzianiny dresowej z nadrukiem motywów. Okrągły dekolt, mocno obniżone ramiona, ściągacz wokół szyi, rękawów i u dołu bluzy.
zobacz wszystko#bluzy;Bluza z nadrukiem;99,99 PLN;https://lp2.hm.com/hmgoepprod?set=quality%5B79%5D%2Csource%5B%2F58%2F0c%2F580c9c419d1fdaebb62d28132cad069d6d551331.jpg%5D%2Corigin%5Bdam%5D%2Ccategory%5B%5D%2Ctype%5BLOOKBOOK%5D%2Cres%5Bm%5D%2Chmver%5B1%5D&call=url[file:/product/main];83;Podkreślająca figurę dżersejowa bluza, którą można również nosić jako termiczną bieliznę. Stójka, suwak u góry, bardzo długie reglanowe rękawy z otworem na kciuk, prosty brzeg u dołu.
zobacz wszystko#bluzy;Dopasowana bluza z suwakiem u góry;79,99 PLN;https://lp2.hm.com/hmgoepprod?set=quality%5B79%5D%2Csource%5B%2F0f%2F6b%2F0f6b9321269c45cb70b02e777a9482ac489e47f3.jpg%5D%2Corigin%5Bdam%5D%2Ccategory%5B%5D%2Ctype%5BLOOKBOOK%5D%2Cres%5Bm%5D%2Chmver%5B1%5D&call=url[file:/product/main];22;Szeroka bluza z dzianiny dresowej. Kaptur z podszewką i ze sznurkiem, kangurkowa kieszeń. Rękawy i dół ze ściągaczem.
zobacz wszystko#bluzy;Bluza z kapturem;79,99 PLN;https://lp2.hm.com/hmgoepprod?set=quality%5B79%5D%2Csource%5B%2F8b%2Fbf%2F8bbf47d09bba6c9516e20334ac6fdc69a89799e2.jpg%5D%2Corigin%5Bdam%5D%2Ccategory%5B%5D%2Ctype%5BLOOKBOOK%5D%2Cres%5Bm%5D%2Chmver%5B1%5D&call=url[file:/product/main];42;Luźna bluza z dzianiny dresowej z mieszanki zawierającej bawełnę z miękkim meszkiem wewnątrz. Obniżone ramiona. Ściągacz wokół szyi, rękawów i u dołu.
zobacz wszystko#bluzy;Bluza;129,99 PLN;https://lp2.hm.com/hmgoepprod?set=quality%5B79%5D%2Csource%5B%2Fb0%2F0b%2Fb00beda90b0a45e1fbee333593bdabf895cac4fa.jpg%5D%2Corigin%5Bdam%5D%2Ccategory%5B%5D%2Ctype%5BLOOKBOOK%5D%2Cres%5Bm%5D%2Chmver%5B1%5D&call=url[file:/product/main];1;Bluza z kapturem z dzianiny dresowej z motywem z przodu. Kaptur z dżersejową podszewką i sznurkiem, kangurkowa kieszeń i obniżone ramiona. Rękawy i dół ze ściągaczem. Wewnątrz miękki meszek.
zobacz wszystko#bluzy;Bluza z kapturem i motywem;129,99 PLN;https://lp2.hm.com/hmgoepprod?set=quality%5B79%5D%2Csource%5B%2Feb%2F40%2Feb4057df7984032de2aa9489c70f3532f26efeac.jpg%5D%2Corigin%5Bdam%5D%2Ccategory%5B%5D%2Ctype%5BLOOKBOOK%5D%2Cres%5Bm%5D%2Chmver%5B1%5D&call=url[file:/product/main];60;Obszerna bluza z dzianiny dresowej z mieszanki zawierającej bawełnę z miękkim meszkiem wewnątrz. Nadruk motywu z przodu i na jednym rękawie. Kopertowy kaptur z podszewką, mocno obniżone ramiona, kangurkowa kieszeń.
zobacz wszystko#bluzy;Bluza oversize z kapturem i nadrukiem;89,99 PLN;https://lp2.hm.com/hmgoepprod?set=quality%5B79%5D%2Csource%5B%2Fe5%2Fda%2Fe5dac00c4a05eff89ae3472690b060e201b970d3.jpg%5D%2Corigin%5Bdam%5D%2Ccategory%5B%5D%2Ctype%5BLOOKBOOK%5D%2Cres%5Bm%5D%2Chmver%5B1%5D&call=url[file:/product/main];22;Bluza z dzianiny dresowej z mieszanki zawierającej bawełnę z miękkim meszkiem wewnątrz. Obniżone ramiona, ściągacz wokół szyi, rękawów i u dołu.
zobacz wszystko#bluzy;Bluza oversize;89,99 PLN;https://lp2.hm.com/hmgoepprod?set=quality%5B79%5D%2Csource%5B%2Ff0%2Fa9%2Ff0a99f1cc05827f62bbdbf11400602ea27dc4dc3.jpg%5D%2Corigin%5Bdam%5D%2Ccategory%5B%5D%2Ctype%5BLOOKBOOK%5D%2Cres%5Bm%5D%2Chmver%5B1%5D&call=url[file:/product/main];84;Bluza z dzianiny dresowej z mieszanki zawierającej bawełnę z miękkim meszkiem wewnątrz. Obniżone ramiona, ściągacz wokół szyi, rękawów i u dołu.
zobacz wszystko#bluzy;Bluza oversize;129,99 PLN;https://lp2.hm.com/hmgoepprod?set=quality%5B79%5D%2Csource%5B%2F42%2F4d%2F424d20a2905c588182e95311f51d491490885be9.jpg%5D%2Corigin%5Bdam%5D%2Ccategory%5B%5D%2Ctype%5BLOOKBOOK%5D%2Cres%5Bm%5D%2Chmver%5B1%5D&call=url[file:/product/main];38;Obszerna bluza z dzianiny dresowej z mieszanki zawierającej bawełnę. Nadruk motywu z przodu, mocno obniżone ramiona, ściągacz wokół szyi, rękawów i u dołu. Wewnątrz miękki meszek.
zobacz wszystko#bluzy;Bluza oversize z nadrukiem;99,99 PLN;https://lp2.hm.com/hmgoepprod?set=quality%5B79%5D%2Csource%5B%2F2f%2F1b%2F2f1baca42a40f9eef09cfed66451986b81f582bb.jpg%5D%2Corigin%5Bdam%5D%2Ccategory%5B%5D%2Ctype%5BLOOKBOOK%5D%2Cres%5Bm%5D%2Chmver%5B1%5D&call=url[file:/product/main];14;Bluza z dzianiny dresowej z motywem z przodu. Okrągły dekolt, reglanowe rękawy. Ściągacz wokół szyi, rękawów i u dołu.
zobacz wszystko#bluzy;Bluza z motywem;89,99 PLN;https://lp2.hm.com/hmgoepprod?set=quality%5B79%5D%2Csource%5B%2F5b%2F43%2F5b43cc83c725fe8f086d353919371b58774212b4.jpg%5D%2Corigin%5Bdam%5D%2Ccategory%5B%5D%2Ctype%5BLOOKBOOK%5D%2Cres%5Bm%5D%2Chmver%5B1%5D&call=url[file:/product/main];20;Bluza z dzianiny dresowej z mieszanki zawierającej bawełnę z miękkim meszkiem wewnątrz. Obniżone ramiona, ściągacz wokół szyi, rękawów i u dołu.
zobacz wszystko#bluzy;Bluza oversize;99,99 PLN;https://lp2.hm.com/hmgoepprod?set=quality%5B79%5D%2Csource%5B%2F59%2F20%2F59203db30dcdaa0200639c50dab58774582a64db.jpg%5D%2Corigin%5Bdam%5D%2Ccategory%5B%5D%2Ctype%5BLOOKBOOK%5D%2Cres%5Bm%5D%2Chmver%5B1%5D&call=url[file:/product/main];47;Obszerna bluza z miękkiej dzianiny dresowej. Kaptur z podszewką i sznurkiem, zapięcie na suwak, obniżone ramiona, kangurkowe kieszenie. Rękawy i dół ze ściągaczem. Wewnątrz miękki meszek.
zobacz wszystko#bluzy;Rozpinana bluza z kapturem;99,99 PLN;https://lp2.hm.com/hmgoepprod?set=quality%5B79%5D%2Csource%5B%2F62%2F53%2F6253b19d1d0d5924bdee98adf1496061259ab8d2.jpg%5D%2Corigin%5Bdam%5D%2Ccategory%5B%5D%2Ctype%5BLOOKBOOK%5D%2Cres%5Bm%5D%2Chmver%5B1%5D&call=url[file:/product/main];45;Bluza z dzianiny dresowej z motywem z przodu. Okrągły dekolt, reglanowe rękawy. Ściągacz wokół szyi, rękawów i u dołu.
zobacz wszystko#bluzy;Bluza z motywem;39,99 PLN;https://lp2.hm.com/hmgoepprod?set=quality%5B79%5D%2Csource%5B%2F83%2Ffa%2F83faa65afac4d8f2fc30a8706aae21164d9d1554.jpg%5D%2Corigin%5Bdam%5D%2Ccategory%5B%5D%2Ctype%5BDESCRIPTIVESTILLLIFE%5D%2Cres%5Bm%5D%2Chmver%5B2%5D&call=url[file:/product/main];34;Krótka bluza z miękkiej dzianiny dresowej z małym haftem u góry. Okrągły dekolt, obniżone ramiona, ściągacz wokół szyi, rękawów i u dołu.
zobacz wszystko#bluzy;Krótka bluza;149,99 PLN;https://lp2.hm.com/hmgoepprod?set=quality%5B79%5D%2Csource%5B%2F85%2F30%2F85303c201cfc597ab937b6a0e3d5ca7c37dde30a.jpg%5D%2Corigin%5Bdam%5D%2Ccategory%5B%5D%2Ctype%5BLOOKBOOK%5D%2Cres%5Bm%5D%2Chmver%5B1%5D&call=url[file:/product/main];49;Watowana pikowana kurtka z tkaniny. Kaptur ze sznurkiem, zapięcie na suwak, po bokach kieszenie z wypustką. Elastyczne brzegi rękawów. U dołu kryty sznurek do ściągania. Z podszewką.
zobacz wszystko#Kurtki i płaszcze;Kurtka puffer z kapturem;279,99 PLN;https://lp2.hm.com/hmgoepprod?set=quality%5B79%5D%2Csource%5B%2F28%2F3b%2F283bdf99fcfb2c582bfe62f30e54781a0efad167.jpg%5D%2Corigin%5Bdam%5D%2Ccategory%5B%5D%2Ctype%5BLOOKBOOK%5D%2Cres%5Bm%5D%2Chmver%5B1%5D&call=url[file:/product/main];3;Watowany tkaninowy płaszcz do kolan. Swobodny fason. Stójka, kaptur z zatrzaskami z przodu. Zapięcie na dwukierunkowy suwak i listwę z krytymi zatrzaskami. Z przodu duże kieszenie z klapką i krytymi zatrzaskami, lekko obniżone ramiona, rękawy z krytym elastycznym brzegiem. Z podszewką.
zobacz wszystko#Kurtki i płaszcze;Płaszcz puffer z kapturem;279,99 PLN;https://lp2.hm.com/hmgoepprod?set=quality%5B79%5D%2Csource%5B%2Fcb%2F37%2Fcb37d5e4092419a7dc246799ed8175a2c689e5c7.jpg%5D%2Corigin%5Bdam%5D%2Ccategory%5B%5D%2Ctype%5BLOOKBOOK%5D%2Cres%5Bm%5D%2Chmver%5B1%5D&call=url[file:/product/main];76;Watowany płaszcz do kolan wykonany z wiatroszczelnej tkaniny. Stójka, kaptur ze sznurkiem i pikowanym brzegiem, zapięcie na kryty suwak i zatrzaski. Reglanowe rękawy z elastycznym brzegiem, z przodu kieszenie z klapką i krytymi zatrzaskami, elastyczny prosty brzeg u dołu. Z podszewką.
zobacz wszystko#Kurtki i płaszcze;Płaszcz puffer;149,99 PLN;https://lp2.hm.com/hmgoepprod?set=quality%5B79%5D%2Csource%5B%2F8b%2F2e%2F8b2e8b5901681a401f1527ded60ffcce626a2686.jpg%5D%2Corigin%5Bdam%5D%2Ccategory%5B%5D%2Ctype%5BLOOKBOOK%5D%2Cres%5Bm%5D%2Chmver%5B1%5D&call=url[file:/product/main];75;Watowana pikowana kurtka z tkaniny. Kaptur ze sznurkiem, zapięcie na suwak, po bokach kieszenie z wypustką. Elastyczne brzegi rękawów. U dołu kryty sznurek do ściągania. Z podszewką.
zobacz wszystko#Kurtki i płaszcze;Kurtka puffer z kapturem;279,99 PLN;https://lp2.hm.com/hmgoepprod?set=quality%5B79%5D%2Csource%5B%2F4e%2F02%2F4e02c0125bb5d611e35a6594b14d9ce1247a74c3.jpg%5D%2Corigin%5Bdam%5D%2Ccategory%5B%5D%2Ctype%5BLOOKBOOK%5D%2Cres%5Bm%5D%2Chmver%5B1%5D&call=url[file:/product/main];82;Płaszcz puffer z pikowanej tkaniny. Stójka, kaptur ze sznurkiem, dwukierunkowy suwak z listwą zapinaną na zatrzaski. Lekko obniżone ramiona, z przodu kieszenie z wypustką, w talii kryty elastyczny sznurek ze stoperami. Z podszewką.
zobacz wszystko#Kurtki i płaszcze;Płaszcz puffer z kapturem;279,99 PLN;https://lp2.hm.com/hmgoepprod?set=quality%5B79%5D%2Csource%5B%2Fb9%2F94%2Fb99447948cc84d07d181970350646f6f126f5fa8.jpg%5D%2Corigin%5Bdam%5D%2Ccategory%5B%5D%2Ctype%5BLOOKBOOK%5D%2Cres%5Bm%5D%2Chmver%5B1%5D&call=url[file:/product/main];28;Płaszcz puffer z pikowanej tkaniny. Stójka, kaptur ze sznurkiem, dwukierunkowy suwak z listwą zapinaną na zatrzaski. Lekko obniżone ramiona, z przodu kieszenie z wypustką, w talii kryty elastyczny sznurek ze stoperami. Z podszewką.
zobacz wszystko#Kurtki i płaszcze;Płaszcz puffer z kapturem;299,99 PLN;https://lp2.hm.com/hmgoepprod?set=quality%5B79%5D%2Csource%5B%2Fcc%2Faa%2Fccaaeb28a0778c156f730711f8539c1cde0353ad.jpg%5D%2Corigin%5Bdam%5D%2Ccategory%5B%5D%2Ctype%5BLOOKBOOK%5D%2Cres%5Bm%5D%2Chmver%5B1%5D&call=url[file:/product/main];70;Kurtka z miękkiego puszystego materiału. Szerokie otwarte klapy, kryte zatrzaski z przodu. Swobodny fason. Lekko obniżone ramiona, krótkie rękawy i dyskretne kieszenie w szwach bocznych. Z podszewką.
zobacz wszystko#Kurtki i płaszcze;Puszysta kurtka;279,99 PLN;https://lp2.hm.com/hmgoepprod?set=quality%5B79%5D%2Csource%5B%2Fdc%2F02%2Fdc020b3b811bebf27f98e853e79da6986b8a2611.jpg%5D%2Corigin%5Bdam%5D%2Ccategory%5B%5D%2Ctype%5BLOOKBOOK%5D%2Cres%5Bm%5D%2Chmver%5B1%5D&call=url[file:/product/main];88;Tkaninowy płaszcz puffer do kolan. Kaptur ze sznurkiem, stójka i dwukierunkowy suwak. Swobodny fason. Lekko obniżone ramiona, elastyczne brzegi rękawów, z przodu kieszenie z wypustką. Prosty brzeg u dołu, po bokach rozcięcia z zatrzaskiem. Z podszewką.
zobacz wszystko#Kurtki i płaszcze;Płaszcz puffer z kapturem;299,99 PLN;https://lp2.hm.com/hmgoepprod?set=quality%5B79%5D%2Csource%5B%2Fc6%2F35%2Fc635fdd2e8490fd7993c1c1011f04fced7f90383.jpg%5D%2Corigin%5Bdam%5D%2Ccategory%5B%5D%2Ctype%5BLOOKBOOK%5D%2Cres%5Bm%5D%2Chmver%5B1%5D&call=url[file:/product/main];19;Jednorzędowa kurtka z miękkiego misia. Swobodny fason. Szerokie otwarte klapy, zapięcie na guziki. Lekko obniżone ramiona, z przodu kieszenie z wypustką, prosty brzeg u dołu. Z podszewką.
zobacz wszystko#Kurtki i płaszcze;Jednorzędowa kurtka miś;349,99 PLN;https://lp2.hm.com/hmgoepprod?set=quality%5B79%5D%2Csource%5B%2F54%2F5e%2F545ef3c46675f03352b3f5fa655bcc1bb95a3674.jpg%5D%2Corigin%5Bdam%5D%2Ccategory%5B%5D%2Ctype%5BLOOKBOOK%5D%2Cres%5Bm%5D%2Chmver%5B1%5D&call=url[file:/product/main];32;Kurtka z miękkiego puszystego materiału. Kołnierz, zapięcie na kryte haftki. Swobodny fason. Obniżone ramiona, szerokie rękawy, dyskretne kieszenie w szwach bocznych. Z podszewką.
zobacz wszystko#Kurtki i płaszcze;Puszysta kurtka;199,99 PLN;https://lp2.hm.com/hmgoepprod?set=quality%5B79%5D%2Csource%5B%2Fdf%2F27%2Fdf27290a7ca67b6a3283dfe00f4ada0bbf17f4bc.jpg%5D%2Corigin%5Bdam%5D%2Ccategory%5B%5D%2Ctype%5BLOOKBOOK%5D%2Cres%5Bm%5D%2Chmver%5B1%5D&call=url[file:/product/main];7;Watowany pikowany płaszcz tkaninowy. Swobodny fason. Stójka, kaptur, zapięcie na suwak, elastyczne brzegi rękawów. Z przodu ukośne kieszenie z wypustką. Z podszewką.
zobacz wszystko#Kurtki i płaszcze;Płaszcz puffer;229,99 PLN;https://lp2.hm.com/hmgoepprod?set=quality%5B79%5D%2Csource%5B%2F83%2Fa1%2F83a19c0a4d20d4d147ed36b9c6e01d9962e11c43.jpg%5D%2Corigin%5Bdam%5D%2Ccategory%5B%5D%2Ctype%5BLOOKBOOK%5D%2Cres%5Bm%5D%2Chmver%5B1%5D&call=url[file:/product/main];20;Podkreślający figurę tkaninowy płaszcz o lekko drapanej powierzchni. Otwarte klapy, zapięcie na kryte zatrzaski, z przodu kieszenie z wypustką, w talii wyjmowany pasek do wiązania. Z podszewką.
zobacz wszystko#Kurtki i płaszcze;Płaszcz z wiązanym paskiem;229,99 PLN;https://lp2.hm.com/hmgoepprod?set=quality%5B79%5D%2Csource%5B%2F62%2F07%2F620741a80d5582a3f997e587382a4d861f925019.jpg%5D%2Corigin%5Bdam%5D%2Ccategory%5B%5D%2Ctype%5BLOOKBOOK%5D%2Cres%5Bm%5D%2Chmver%5B1%5D&call=url[file:/product/main];29;Obszerny pikowany płaszcz tkaninowy. Kaptur ze sznurkiem, zapięcie na dwukierunkowy suwak. Obniżone ramiona, naszywane kieszenie z przodu. Rękawy i dół z elastycznym brzegiem. Z podszewką.
zobacz wszystko#Kurtki i płaszcze;Płaszcz puffer oversize;229,99 PLN;https://lp2.hm.com/hmgoepprod?set=quality%5B79%5D%2Csource%5B%2F1f%2F88%2F1f88bbd33e53cadd1de8d5250863c1936f95d387.jpg%5D%2Corigin%5Bdam%5D%2Ccategory%5B%5D%2Ctype%5BLOOKBOOK%5D%2Cres%5Bm%5D%2Chmver%5B1%5D&call=url[file:/product/main];27;Jednorzędowy tkaninowy płaszcz do połowy łydki. Otwarte klapy, zapięcie na guziki. Z przodu ukośne kieszenie z klapką, prosty brzeg u dołu. Z podszewką.
zobacz wszystko#Kurtki i płaszcze;Płaszcz;299,99 PLN;https://lp2.hm.com/hmgoepprod?set=quality%5B79%5D%2Csource%5B%2F13%2Fb1%2F13b1794b0a8c93f93ed8458db0e931a6478aeabc.jpg%5D%2Corigin%5Bdam%5D%2Ccategory%5B%5D%2Ctype%5BLOOKBOOK%5D%2Cres%5Bm%5D%2Chmver%5B1%5D&call=url[file:/product/main];46;Tkaninowy płaszcz do połowy łydki. Szalowy kołnierz, z przodu kieszenie z wypustką, w talii wyjmowany pasek do wiązania. U dołu rękawów ozdobna patka, rozcięcie z tyłu. Z podszewką.
zobacz wszystko#Kurtki i płaszcze;Płaszcz z wiązanym paskiem;299,99 PLN;https://lp2.hm.com/hmgoepprod?set=quality%5B79%5D%2Csource%5B%2Ffc%2F54%2Ffc54a42e584135e8f7b3f60559f9e7f7391c6e14.jpg%5D%2Corigin%5Bdam%5D%2Ccategory%5B%5D%2Ctype%5BLOOKBOOK%5D%2Cres%5Bm%5D%2Chmver%5B1%5D&call=url[file:/product/main];60;Luźna nylonowa kurtka do kolan. Wypełnienie: 80% puch i 20% pierze. Stójka z osłoną brody, kaptur, zapięcie na praktyczny dwukierunkowy suwak. Reglanowe rękawy z regulowaną patką na rzep. Dyskretne kieszenie po bokach, kryty elastyczny sznurek u dołu. Z podszewką.
zobacz wszystko#Kurtki i płaszcze;Puchowa kurtka do kolan;229,99 PLN;https://lp2.hm.com/hmgoepprod?set=quality%5B79%5D%2Csource%5B%2F69%2F6b%2F696b1f46ad1affe8bf150c6a41580ce185404722.jpg%5D%2Corigin%5Bdam%5D%2Ccategory%5B%5D%2Ctype%5BLOOKBOOK%5D%2Cres%5Bm%5D%2Chmver%5B1%5D&call=url[file:/product/main];82;Tkaninowy płaszcz do kolan. Szerokie otwarte klapy, zapięcie na guziki, z przodu kieszenie z wypustką. Ozdobny wszyty pasek z tyłu talii i rozcięcie z tyłu u dołu. Z podszewką.
zobacz wszystko#Kurtki i płaszcze;Jednorzędowy płaszcz;199,99 PLN;https://lp2.hm.com/hmgoepprod?set=quality%5B79%5D%2Csource%5B%2F0a%2Feb%2F0aeb2e367f4b20f78ce4b95440a10875cce68afd.jpg%5D%2Corigin%5Bdam%5D%2Ccategory%5B%5D%2Ctype%5BLOOKBOOK%5D%2Cres%5Bm%5D%2Chmver%5B1%5D&call=url[file:/product/main];99;Pikowana kurtka puffer. Swobodny fason, stójka, kaptur z podszewką, zapięcie na suwak i listwę z zatrzaskami, lekko obniżone ramiona, rękawy z elastycznym brzegiem. W talii sznurek do ściągania, dyskretne kieszenie w szwach bocznych. Z podszewką.
zobacz wszystko#Kurtki i płaszcze;Kurtka puffer ze sznurkiem;229,99 PLN;https://lp2.hm.com/hmgoepprod?set=quality%5B79%5D%2Csource%5B%2F79%2Fea%2F79ea75525879c88eb0c121bedbd7b4f41e1199f5.jpg%5D%2Corigin%5Bdam%5D%2Ccategory%5B%5D%2Ctype%5BLOOKBOOK%5D%2Cres%5Bm%5D%2Chmver%5B1%5D&call=url[file:/product/main];16;Dwurzędowy tkaninowy płaszcz do kolan. Swobodny fason, otwarte klapy, zapięcie na kryte zatrzaski, reglanowe rękawy i dyskretne kieszenie w szwach bocznych. Rozcięcie z tyłu, prosty brzeg u dołu. Z podszewką.
zobacz wszystko#Kurtki i płaszcze;Dwurzędowy płaszcz;229,99 PLN;https://lp2.hm.com/hmgoepprod?set=quality%5B79%5D%2Csource%5B%2F39%2F4c%2F394c33abaad23646c40a09c67036d83a84abc111.jpg%5D%2Corigin%5Bdam%5D%2Ccategory%5B%5D%2Ctype%5BLOOKBOOK%5D%2Cres%5Bm%5D%2Chmver%5B1%5D&call=url[file:/product/main];60;Watowany tkaninowy płaszcz do kolan. Stójka, kaptur z podszewką i sznurkiem. Zapięcie na dwukierunkowy suwak i listwę z krytymi zatrzaskami. Dyskretne kieszenie w szwach bocznych. Kryty ściągacz u dołu rękawów. Z podszewką.
zobacz wszystko#Kurtki i płaszcze;Płaszcz puffer z kapturem;279,99 PLN;https://lp2.hm.com/hmgoepprod?set=quality%5B79%5D%2Csource%5B%2Ffb%2Fec%2Ffbec2738c4d5521e1f922f5db83ce3b342cae76d.jpg%5D%2Corigin%5Bdam%5D%2Ccategory%5B%5D%2Ctype%5BLOOKBOOK%5D%2Cres%5Bm%5D%2Chmver%5B1%5D&call=url[file:/product/main];39;Knee-length coat in soft, fluffy fabric with wide notch lapels and concealed press-studs at the front. Relaxed fit with dropped shoulders, long sleeves, discreet side pockets and a straight-cut hem. Lined.
zobacz wszystko#Kurtki i płaszcze;Fluffy coat;149,99 PLN;https://lp2.hm.com/hmgoepprod?set=quality%5B79%5D%2Csource%5B%2F6e%2Fd3%2F6ed38d0ebfae28369d04c822c55f670e634c17dc.jpg%5D%2Corigin%5Bdam%5D%2Ccategory%5B%5D%2Ctype%5BLOOKBOOK%5D%2Cres%5Bm%5D%2Chmver%5B1%5D&call=url[file:/product/main];82;Pikowana watowana kurtka z diagonalu. Swobodny fason, kaptur ze sznurkiem, zapięcie na suwak, z przodu kieszenie z wypustką. Ściągacz u dołu rękawów, elastyczny brzeg u dołu kurtki. Z podszewką.
zobacz wszystko#Kurtki i płaszcze;Kurtka puffer z kapturem;249,99 PLN;https://lp2.hm.com/hmgoepprod?set=quality%5B79%5D%2Csource%5B%2Fe1%2F9a%2Fe19ab28115708dfdd902058ff6a0a2bb7f306213.jpg%5D%2Corigin%5Bdam%5D%2Ccategory%5B%5D%2Ctype%5BLOOKBOOK%5D%2Cres%5Bm%5D%2Chmver%5B1%5D&call=url[file:/product/main];69;Tkaninowa kurtka koszulowa do kolan. Kołnierz, zapięcie na kryte guziki i karczek z kontrafałdą z tyłu. Lekko obniżone ramiona i długie rękawy z zapinanym mankietem. Na piersi i z przodu kieszenie z klapką, zaokrąglony dół. Nieco dłuższy tył. Z podszewką.
zobacz wszystko#Kurtki i płaszcze;Długa kurtka koszulowa;229,99 PLN;https://lp2.hm.com/hmgoepprod?set=quality%5B79%5D%2Csource%5B%2F06%2F32%2F06325bfa17c5275f9d925e608e7ac797ca4c545a.jpg%5D%2Corigin%5Bdam%5D%2Ccategory%5B%5D%2Ctype%5BLOOKBOOK%5D%2Cres%5Bm%5D%2Chmver%5B1%5D&call=url[file:/product/main];59;Lekka watowana pikowana kurtka z wiatroszczelnego hydrofobowego materiału funkcjonalnego, który chroni przed wiatrem i lekkim deszczem. Normalny fason. Stójka, zapięcie na suwak z osłoną brody, po bokach kieszenie z krytym suwakiem, elastyczny sznurek u dołu. Syntetyczne wypełnienie dobrze przepuszcza powietrze i utrzymuje doskonałe ciepło, nawet kiedy kurtka zmoknie. Z podszewką. Kurtkę można nosić samą lub jako izolacyjną warstwę pośrednią. Łatwo ją zwinąć i spakować do załączonego woreczka.
zobacz wszystko#Kurtki i płaszcze;Lekka ocieplana kurtka;229,99 PLN;https://lp2.hm.com/hmgoepprod?set=quality%5B79%5D%2Csource%5B%2F69%2F53%2F69534f2c14f78ac074e1f89535a8e37f27df251e.jpg%5D%2Corigin%5Bdam%5D%2Ccategory%5B%5D%2Ctype%5BLOOKBOOK%5D%2Cres%5Bm%5D%2Chmver%5B1%5D&call=url[file:/product/main];56;Pikowany tkaninowy płaszcz do połowy łydki. Okrągły dekolt, zapięcie na kryte guziki, w talii pasek do wiązania, naszywane kieszenie z przodu. Obniżone ramiona, u dołu prosty brzeg z rozcięciami po bokach. Z podszewką.
zobacz wszystko#Kurtki i płaszcze;Pikowany płaszcz z wiązanym paskiem;229,99 PLN;https://lp2.hm.com/hmgoepprod?set=quality%5B79%5D%2Csource%5B%2Fed%2Fbe%2Fedbe014c9ba41cf855f3fdc5598870411c20142b.jpg%5D%2Corigin%5Bdam%5D%2Ccategory%5B%5D%2Ctype%5BLOOKBOOK%5D%2Cres%5Bm%5D%2Chmver%5B1%5D&call=url[file:/product/main];17;Watowana tkaninowa kurtka do kolan. Stójka, kaptur z podszewką i sznurkiem. Zapięcie na dwukierunkowy suwak i listwę z krytymi zatrzaskami. Dyskretne kieszenie w szwach bocznych. Kryty ściągacz u dołu rękawów. Z podszewką.
zobacz wszystko#Kurtki i płaszcze;H&M+ Kurtka puffer z kapturem;199,99 PLN;https://lp2.hm.com/hmgoepprod?set=quality%5B79%5D%2Csource%5B%2F41%2Fe4%2F41e43495730016238631d32afa2cf7a32e7064af.jpg%5D%2Corigin%5Bdam%5D%2Ccategory%5B%5D%2Ctype%5BLOOKBOOK%5D%2Cres%5Bm%5D%2Chmver%5B1%5D&call=url[file:/product/main];35;Watowany pikowany płaszcz tkaninowy. Swobodny fason. Stójka, kaptur, zapięcie na suwak, elastyczne brzegi rękawów. Z przodu ukośne kieszenie z wypustką. Z podszewką.
zobacz wszystko#Kurtki i płaszcze;Płaszcz puffer;149,99 PLN;https://lp2.hm.com/hmgoepprod?set=quality%5B79%5D%2Csource%5B%2Fb7%2F05%2Fb705369620197c933f311fe4a5bf6b6f2bc749cc.jpg%5D%2Corigin%5Bdam%5D%2Ccategory%5B%5D%2Ctype%5BLOOKBOOK%5D%2Cres%5Bm%5D%2Chmver%5B1%5D&call=url[file:/product/main];96;Pikowana kurtka puffer z tkaniny. Swobodny fason, stójka, zapięcie na suwak. Z przodu kieszenie z wypustką, elastyczne brzegi rękawów, u dołu kurtki elastyczny sznurek ze stoperami. Z podszewką.
zobacz wszystko#Kurtki i płaszcze;Kurtka puffer;219,99 PLN;https://lp2.hm.com/hmgoepprod?set=quality%5B79%5D%2Csource%5B%2F47%2F85%2F4785ba793ba55fdd55094535cbb195f653c015fd.jpg%5D%2Corigin%5Bdam%5D%2Ccategory%5B%5D%2Ctype%5BDESCRIPTIVESTILLLIFE%5D%2Cres%5Bm%5D%2Chmver%5B2%5D&call=url[file:/product/main];69;Kurtka do połowy łydki wykonana z miękkiego materiału futerkowego. Wysoki kołnierz, zapięcie na dwukierunkowy suwak, karczek i obniżone ramiona. Na piersi tkaninowa kieszeń z suwakiem, kieszenie u dołu. Z podszewką.
zobacz wszystko#Kurtki i płaszcze;Kurtka z materiału futerkowego;299,99 PLN;https://lp2.hm.com/hmgoepprod?set=quality%5B79%5D%2Csource%5B%2F9a%2F8f%2F9a8f022376a201d1e9e3ce0187f103a8fa32e29c.jpg%5D%2Corigin%5Bdam%5D%2Ccategory%5B%5D%2Ctype%5BLOOKBOOK%5D%2Cres%5Bm%5D%2Chmver%5B1%5D&call=url[file:/product/main];59;Luźna nylonowa kurtka do kolan. Wypełnienie: 80% puch i 20% pierze. Stójka z osłoną brody, kaptur, zapięcie na praktyczny dwukierunkowy suwak. Reglanowe rękawy z regulowaną patką na rzep. Dyskretne kieszenie po bokach, kryty elastyczny sznurek u dołu. Z podszewką.
zobacz wszystko#Kurtki i płaszcze;H&M+ Puchowa kurtka do kolan;229,99 PLN;https://lp2.hm.com/hmgoepprod?set=quality%5B79%5D%2Csource%5B%2F9b%2F8a%2F9b8a47b7750a1dc7fb806934f627e5955d173ab1.jpg%5D%2Corigin%5Bdam%5D%2Ccategory%5B%5D%2Ctype%5BLOOKBOOK%5D%2Cres%5Bm%5D%2Chmver%5B1%5D&call=url[file:/product/main];48;Jednorzędowy tkaninowy płaszcz do połowy łydki wykonany z mieszanki zawierającej wiskozę. Otwarte klapy, na piersi kieszeń z wypustką, u dołu kieszenie z klapką. Watowane ramiona, ozdobne guziki u dołu rękawów. Rozcięcie z tyłu. Z podszewką.
zobacz wszystko#Kurtki i płaszcze;Jednorzędowy płaszcz;229,99 PLN;https://lp2.hm.com/hmgoepprod?set=quality%5B79%5D%2Csource%5B%2F21%2F3c%2F213c49aaaf1693842fa98fd41471622c798a86bf.jpg%5D%2Corigin%5Bdam%5D%2Ccategory%5B%5D%2Ctype%5BLOOKBOOK%5D%2Cres%5Bm%5D%2Chmver%5B1%5D&call=url[file:/product/main];95;Jednorzędowy tkaninowy płaszcz do połowy łydki wykonany z mieszanki zawierającej wiskozę. Otwarte klapy, na piersi kieszeń z wypustką, u dołu kieszenie z klapką. Watowane ramiona, ozdobne guziki u dołu rękawów. Rozcięcie z tyłu. Z podszewką.
zobacz wszystko#Kurtki i płaszcze;Jednorzędowy płaszcz;229,99 PLN;https://lp2.hm.com/hmgoepprod?set=quality%5B79%5D%2Csource%5B%2F41%2Faa%2F41aa94f6027acacfcd953f2ce50f2ab69298eebc.jpg%5D%2Corigin%5Bdam%5D%2Ccategory%5B%5D%2Ctype%5BLOOKBOOK%5D%2Cres%5Bm%5D%2Chmver%5B1%5D&call=url[file:/product/main];48;Krótka pudełkowa kurtka z dużym kołnierzem. Kołnierz, mankiety, brzeg u dołu i podszewka wykonane z miękkiego misia. Zapięcie na suwak, z przodu ukośne kieszenie z wypustką. Kołnierz ma regulowane patki z metalową klamrą.
zobacz wszystko#Kurtki i płaszcze;Kurtka z podszewką z misia;299,99 PLN;https://lp2.hm.com/hmgoepprod?set=quality%5B79%5D%2Csource%5B%2F82%2Fde%2F82defc27253ac009f820d14e660d5d16d626f0ad.jpg%5D%2Corigin%5Bdam%5D%2Ccategory%5Bladies_jacketscoats_jackets%5D%2Ctype%5BLOOKBOOK%5D%2Cres%5Bm%5D%2Chmver%5B1%5D&call=url[file:/product/main];95;Luźna nylonowa kurtka do kolan. Wypełnienie: 80% puch i 20% pierze. Stójka z osłoną brody, kaptur, zapięcie na praktyczny dwukierunkowy suwak. Reglanowe rękawy z regulowaną patką na rzep. Dyskretne kieszenie po bokach, kryty elastyczny sznurek u dołu. Z podszewką.
zobacz wszystko#Kurtki i płaszcze;Puchowa kurtka do kolan;199,99 PLN;https://lp2.hm.com/hmgoepprod?set=quality%5B79%5D%2Csource%5B%2Ff2%2F9e%2Ff29ecd349008bcce7a109d157197c3759e95f5b2.jpg%5D%2Corigin%5Bdam%5D%2Ccategory%5B%5D%2Ctype%5BLOOKBOOK%5D%2Cres%5Bm%5D%2Chmver%5B1%5D&call=url[file:/product/main];44;Płaszcz do kolan wykonany z tkaniny o lekko drapanej powierzchni. Otwarte klapy, zapięcie na kryte zatrzaski. W talii wyjmowany pasek do wiązania. Z przodu kieszenie z wypustką, rozcięcie z tyłu. Z podszewką.
zobacz wszystko#Kurtki i płaszcze;Płaszcz z wiązanym paskiem;229,99 PLN;https://lp2.hm.com/hmgoepprod?set=quality%5B79%5D%2Csource%5B%2F56%2F14%2F5614cbab1b875cb27ee000a2c12effd59c5d83ec.jpg%5D%2Corigin%5Bdam%5D%2Ccategory%5B%5D%2Ctype%5BLOOKBOOK%5D%2Cres%5Bm%5D%2Chmver%5B1%5D&call=url[file:/product/main];25;Tkaninowy płaszcz do kolan. Szerokie otwarte klapy, zapięcie na guziki, z przodu kieszenie z wypustką. Ozdobny wszyty pasek z tyłu talii i rozcięcie z tyłu u dołu. Z podszewką.
zobacz wszystko#Kurtki i płaszcze;Jednorzędowy płaszcz
